{"cameraMode":{"drawMode":0,"name":"Shaded","section":"Shading Mode"},"sceneLighting":true,"audioPlay":false,"sceneViewState":{"m_AlwaysRefresh":false,"showFog":true,"showSkybox":true,"showFlares":true,"showImageEffects":true,"showParticleSystems":true,"showVisualEffectGraphs":true,"m_FxEnabled":true},"in2DMode":false,"pivot":{"x":4.231323719024658,"y":0.17684605717658997,"z":-5.973604679107666},"rotation":{"x":-0.06775453686714173,"y":0.00957512017339468,"z":-0.0006501359166577458,"w":-0.9976564049720764},"size":3.377793312072754,"orthographic":false}