{"cameraMode":{"drawMode":0,"name":"Shaded","section":"Shading Mode"},"sceneLighting":true,"audioPlay":false,"sceneViewState":{"m_AlwaysRefresh":false,"showFog":true,"showSkybox":true,"showFlares":true,"showImageEffects":true,"showParticleSystems":true,"showVisualEffectGraphs":true,"m_FxEnabled":true},"in2DMode":false,"pivot":{"x":3.5338244438171388,"y":-0.2567369341850281,"z":-6.04627799987793},"rotation":{"x":-0.06775348633527756,"y":0.011071593500673771,"z":-0.0007517669582739472,"w":-0.9976409077644348},"size":3.377793312072754,"orthographic":false}